SET NAMES 'utf8';

/*!40000 ALTER TABLE `ak_type_production` DISABLE KEYS */;
INSERT INTO `ak_type_production` (`tp_id`, `tp_categorie_lib`, `tp_categorie_lib_lien`, `tp_categorie_mere`) VALUES (1,'Légumes','legumes',NULL),(2,'Fruits','fruits',NULL),(3,'Produits laitiers','produits_laitiers',NULL),(4,'Vache','vache',3),(5,'Chèvre','chevre',3),(6,'Brebis','brebis',3),(7,'Vin','vin',NULL),(8,'Œufs','oeufs',NULL),(9,'Pain','pain',NULL),(10,'Pisciculture','pisciculture',NULL),(11,'Produits de la mer','produits_de_la_mer',NULL),(12,'Viande','viande',NULL),(13,'Porc','porc',12),(14,'Volaille','volaille',12),(15,'Agneau','agneau',12),(16,'Bœuf','boeuf',12),(17,'Autre','autre',12),(18,'Miel','miel',NULL),(19,'Autres / divers','autre_divers',NULL),(20,'Céréales et légumineuses','cereales_legumineuses',NULL),(21,'Huiles','huiles',NULL),(22,'Fruits transformés (confitures et jus ..)','fruits_transformes',NULL),(23,'Plantes aromatiques','plantes_aromatiques',NULL),(24,'Cabri','cabri',12),(25,'Veau','veau',12),(26,'Vin et bières','vin_biere',NULL),(27,'Pains et farines','pain_farine',NULL);
/*!40000 ALTER TABLE `ak_type_production` ENABLE KEYS */;

/*!40000 ALTER TABLE `ak_region` DISABLE KEYS */;
INSERT INTO `ak_region` (`reg_id`, `reg_nom`, `reg_reseau_url`, `logo_id`) VALUES (1,'GUADELOUPE',NULL,NULL);
INSERT INTO `ak_region` (`reg_id`, `reg_nom`, `reg_reseau_url`, `logo_id`) VALUES (2,'MARTINIQUE',NULL,NULL);
INSERT INTO `ak_region` (`reg_id`, `reg_nom`, `reg_reseau_url`, `logo_id`) VALUES (3,'GUYANE',NULL,NULL);
INSERT INTO `ak_region` (`reg_id`, `reg_nom`, `reg_reseau_url`, `logo_id`) VALUES (4,'LA RÉUNION',NULL,NULL);
INSERT INTO `ak_region` (`reg_id`, `reg_nom`, `reg_reseau_url`, `logo_id`) VALUES (11,'ILE-DE-FRANCE',NULL,NULL);
INSERT INTO `ak_region` (`reg_id`, `reg_nom`, `reg_reseau_url`, `logo_id`) VALUES (24,'CENTRE-VAL DE LOIRE',NULL,NULL);
INSERT INTO `ak_region` (`reg_id`, `reg_nom`, `reg_reseau_url`, `logo_id`) VALUES (27,'BOURGOGNE-FRANCHE-COMTÉ',NULL,NULL);
INSERT INTO `ak_region` (`reg_id`, `reg_nom`, `reg_reseau_url`, `logo_id`) VALUES (28,'NORMANDIE',NULL,NULL);
INSERT INTO `ak_region` (`reg_id`, `reg_nom`, `reg_reseau_url`, `logo_id`) VALUES (32,'HAUTS-DE-FRANCE',NULL,NULL);
INSERT INTO `ak_region` (`reg_id`, `reg_nom`, `reg_reseau_url`, `logo_id`) VALUES (44,'GRAND EST',NULL,NULL);
INSERT INTO `ak_region` (`reg_id`, `reg_nom`, `reg_reseau_url`, `logo_id`) VALUES (52,'PAYS DE LA LOIRE',NULL,NULL);
INSERT INTO `ak_region` (`reg_id`, `reg_nom`, `reg_reseau_url`, `logo_id`) VALUES (53,'BRETAGNE',NULL,NULL);
INSERT INTO `ak_region` (`reg_id`, `reg_nom`, `reg_reseau_url`, `logo_id`) VALUES (75,'NOUVELLE-AQUITAINE',NULL,NULL);
INSERT INTO `ak_region` (`reg_id`, `reg_nom`, `reg_reseau_url`, `logo_id`) VALUES (76,'OCCITANIE',NULL,NULL);
INSERT INTO `ak_region` (`reg_id`, `reg_nom`, `reg_reseau_url`, `logo_id`) VALUES (84,'AUVERGNE-RHÔNE-ALPES',NULL,NULL);
INSERT INTO `ak_region` (`reg_id`, `reg_nom`, `reg_reseau_url`, `logo_id`) VALUES (93,'PROVENCE-ALPES-CÔTE D\'AZUR',NULL,NULL);
INSERT INTO `ak_region` (`reg_id`, `reg_nom`, `reg_reseau_url`, `logo_id`) VALUES (94,'CORSE',NULL,NULL);
/*!40000 ALTER TABLE `ak_region` ENABLE KEYS */;

/*!40000 ALTER TABLE `ak_departement` DISABLE KEYS */;
INSERT INTO ak_departement (dep_id, dep_nom, dep_fk_reg_id, dep_reseau_url, logo_id, osm_id) VALUES ('01', 'AIN', 84, null, null, '7387');
INSERT INTO ak_departement (dep_id, dep_nom, dep_fk_reg_id, dep_reseau_url, logo_id, osm_id) VALUES ('02', 'AISNE', 32, null, null, '7411');
INSERT INTO ak_departement (dep_id, dep_nom, dep_fk_reg_id, dep_reseau_url, logo_id, osm_id) VALUES ('03', 'ALLIER', 84, null, null, '1450201');
INSERT INTO ak_departement (dep_id, dep_nom, dep_fk_reg_id, dep_reseau_url, logo_id, osm_id) VALUES ('04', 'ALPES-DE-HAUTE-PROVENCE', 93, null, null, '7380');
INSERT INTO ak_departement (dep_id, dep_nom, dep_fk_reg_id, dep_reseau_url, logo_id, osm_id) VALUES ('05', 'HAUTES-ALPES', 93, null, null, '7436');
INSERT INTO ak_departement (dep_id, dep_nom, dep_fk_reg_id, dep_reseau_url, logo_id, osm_id) VALUES ('06', 'ALPES-MARITIMES', 93, null, null, '7385');
INSERT INTO ak_departement (dep_id, dep_nom, dep_fk_reg_id, dep_reseau_url, logo_id, osm_id) VALUES ('07', 'ARDÈCHE', 84, null, null, '7430');
INSERT INTO ak_departement (dep_id, dep_nom, dep_fk_reg_id, dep_reseau_url, logo_id, osm_id) VALUES ('08', 'ARDENNES', 44, null, null, '7395');
INSERT INTO ak_departement (dep_id, dep_nom, dep_fk_reg_id, dep_reseau_url, logo_id, osm_id) VALUES ('09', 'ARIÈGE', 76, null, null, '7439');
INSERT INTO ak_departement (dep_id, dep_nom, dep_fk_reg_id, dep_reseau_url, logo_id, osm_id) VALUES ('10', 'AUBE', 44, null, null, '7441');
INSERT INTO ak_departement (dep_id, dep_nom, dep_fk_reg_id, dep_reseau_url, logo_id, osm_id) VALUES ('11', 'AUDE', 76, null, null, '7446');
INSERT INTO ak_departement (dep_id, dep_nom, dep_fk_reg_id, dep_reseau_url, logo_id, osm_id) VALUES ('12', 'AVEYRON', 76, null, null, '7451');
INSERT INTO ak_departement (dep_id, dep_nom, dep_fk_reg_id, dep_reseau_url, logo_id, osm_id) VALUES ('13', 'BOUCHES-DU-RHÔNE', 93, null, null, '7393');
INSERT INTO ak_departement (dep_id, dep_nom, dep_fk_reg_id, dep_reseau_url, logo_id, osm_id) VALUES ('14', 'CALVADOS', 28, null, null, '7453');
INSERT INTO ak_departement (dep_id, dep_nom, dep_fk_reg_id, dep_reseau_url, logo_id, osm_id) VALUES ('15', 'CANTAL', 84, null, null, '7381');
INSERT INTO ak_departement (dep_id, dep_nom, dep_fk_reg_id, dep_reseau_url, logo_id, osm_id) VALUES ('16', 'CHARENTE', 75, null, null, '7428');
INSERT INTO ak_departement (dep_id, dep_nom, dep_fk_reg_id, dep_reseau_url, logo_id, osm_id) VALUES ('17', 'CHARENTE-MARITIME', 75, null, null, '7431');
INSERT INTO ak_departement (dep_id, dep_nom, dep_fk_reg_id, dep_reseau_url, logo_id, osm_id) VALUES ('18', 'CHER', 24, null, null, '7456');
INSERT INTO ak_departement (dep_id, dep_nom, dep_fk_reg_id, dep_reseau_url, logo_id, osm_id) VALUES ('19', 'CORRÈZE', 75, null, null, '7464');
INSERT INTO ak_departement (dep_id, dep_nom, dep_fk_reg_id, dep_reseau_url, logo_id, osm_id) VALUES ('21', 'CÔTE-D''OR', 27, null, null, '7424');
INSERT INTO ak_departement (dep_id, dep_nom, dep_fk_reg_id, dep_reseau_url, logo_id, osm_id) VALUES ('22', 'CÔTES-D''ARMOR', 53, null, null, '7398');
INSERT INTO ak_departement (dep_id, dep_nom, dep_fk_reg_id, dep_reseau_url, logo_id, osm_id) VALUES ('23', 'CREUSE', 75, null, null, '7459');
INSERT INTO ak_departement (dep_id, dep_nom, dep_fk_reg_id, dep_reseau_url, logo_id, osm_id) VALUES ('24', 'DORDOGNE', 75, null, null, '7375');
INSERT INTO ak_departement (dep_id, dep_nom, dep_fk_reg_id, dep_reseau_url, logo_id, osm_id) VALUES ('25', 'DOUBS', 27, null, null, '7462');
INSERT INTO ak_departement (dep_id, dep_nom, dep_fk_reg_id, dep_reseau_url, logo_id, osm_id) VALUES ('26', 'DRÔME', 84, null, null, '7434');
INSERT INTO ak_departement (dep_id, dep_nom, dep_fk_reg_id, dep_reseau_url, logo_id, osm_id) VALUES ('27', 'EURE', 28, null, null, '7435');
INSERT INTO ak_departement (dep_id, dep_nom, dep_fk_reg_id, dep_reseau_url, logo_id, osm_id) VALUES ('28', 'EURE-ET-LOIR', 24, null, null, '7374');
INSERT INTO ak_departement (dep_id, dep_nom, dep_fk_reg_id, dep_reseau_url, logo_id, osm_id) VALUES ('29', 'FINISTÈRE', 53, null, null, '102430');
INSERT INTO ak_departement (dep_id, dep_nom, dep_fk_reg_id, dep_reseau_url, logo_id, osm_id) VALUES ('2A', 'CORSE-DU-SUD', 94, null, null, '76932');
INSERT INTO ak_departement (dep_id, dep_nom, dep_fk_reg_id, dep_reseau_url, logo_id, osm_id) VALUES ('2B', 'HAUTE-CORSE', 94, null, null, '76931');
INSERT INTO ak_departement (dep_id, dep_nom, dep_fk_reg_id, dep_reseau_url, logo_id, osm_id) VALUES ('30', 'GARD', 76, null, null, '7461');
INSERT INTO ak_departement (dep_id, dep_nom, dep_fk_reg_id, dep_reseau_url, logo_id, osm_id) VALUES ('31', 'HAUTE-GARONNE', 76, null, null, '7413');
INSERT INTO ak_departement (dep_id, dep_nom, dep_fk_reg_id, dep_reseau_url, logo_id, osm_id) VALUES ('32', 'GERS', 76, null, null, '7422');
INSERT INTO ak_departement (dep_id, dep_nom, dep_fk_reg_id, dep_reseau_url, logo_id, osm_id) VALUES ('33', 'GIRONDE', 75, null, null, '7405');
INSERT INTO ak_departement (dep_id, dep_nom, dep_fk_reg_id, dep_reseau_url, logo_id, osm_id) VALUES ('34', 'HÉRAULT', 76, null, null, '7429');
INSERT INTO ak_departement (dep_id, dep_nom, dep_fk_reg_id, dep_reseau_url, logo_id, osm_id) VALUES ('35', 'ILLE-ET-VILAINE', 53, null, null, '7465');
INSERT INTO ak_departement (dep_id, dep_nom, dep_fk_reg_id, dep_reseau_url, logo_id, osm_id) VALUES ('36', 'INDRE', 24, null, null, '7417');
INSERT INTO ak_departement (dep_id, dep_nom, dep_fk_reg_id, dep_reseau_url, logo_id, osm_id) VALUES ('37', 'INDRE-ET-LOIRE', 24, null, null, '7408');
INSERT INTO ak_departement (dep_id, dep_nom, dep_fk_reg_id, dep_reseau_url, logo_id, osm_id) VALUES ('38', 'ISÈRE', 84, null, null, '7437');
INSERT INTO ak_departement (dep_id, dep_nom, dep_fk_reg_id, dep_reseau_url, logo_id, osm_id) VALUES ('39', 'JURA', 27, null, null, '7460');
INSERT INTO ak_departement (dep_id, dep_nom, dep_fk_reg_id, dep_reseau_url, logo_id, osm_id) VALUES ('40', 'LANDES', 75, null, null, '7376');
INSERT INTO ak_departement (dep_id, dep_nom, dep_fk_reg_id, dep_reseau_url, logo_id, osm_id) VALUES ('41', 'LOIR-ET-CHER', 24, null, null, '7399');
INSERT INTO ak_departement (dep_id, dep_nom, dep_fk_reg_id, dep_reseau_url, logo_id, osm_id) VALUES ('42', 'LOIRE', 84, null, null, '7420');
INSERT INTO ak_departement (dep_id, dep_nom, dep_fk_reg_id, dep_reseau_url, logo_id, osm_id) VALUES ('43', 'HAUTE-LOIRE', 84, null, null, '7452');
INSERT INTO ak_departement (dep_id, dep_nom, dep_fk_reg_id, dep_reseau_url, logo_id, osm_id) VALUES ('44', 'LOIRE-ATLANTIQUE', 52, null, null, '7432');
INSERT INTO ak_departement (dep_id, dep_nom, dep_fk_reg_id, dep_reseau_url, logo_id, osm_id) VALUES ('45', 'LOIRET', 24, null, null, '7440');
INSERT INTO ak_departement (dep_id, dep_nom, dep_fk_reg_id, dep_reseau_url, logo_id, osm_id) VALUES ('46', 'LOT', 76, null, null, '7454');
INSERT INTO ak_departement (dep_id, dep_nom, dep_fk_reg_id, dep_reseau_url, logo_id, osm_id) VALUES ('47', 'LOT-ET-GARONNE', 75, null, null, '1284995');
INSERT INTO ak_departement (dep_id, dep_nom, dep_fk_reg_id, dep_reseau_url, logo_id, osm_id) VALUES ('48', 'LOZÈRE', 76, null, null, '7421');
INSERT INTO ak_departement (dep_id, dep_nom, dep_fk_reg_id, dep_reseau_url, logo_id, osm_id) VALUES ('49', 'MAINE-ET-LOIRE', 52, null, null, '7409');
INSERT INTO ak_departement (dep_id, dep_nom, dep_fk_reg_id, dep_reseau_url, logo_id, osm_id) VALUES ('50', 'MANCHE', 28, null, null, '7404');
INSERT INTO ak_departement (dep_id, dep_nom, dep_fk_reg_id, dep_reseau_url, logo_id, osm_id) VALUES ('51', 'MARNE', 44, null, null, '7379');
INSERT INTO ak_departement (dep_id, dep_nom, dep_fk_reg_id, dep_reseau_url, logo_id, osm_id) VALUES ('52', 'HAUTE-MARNE', 44, null, null, '7396');
INSERT INTO ak_departement (dep_id, dep_nom, dep_fk_reg_id, dep_reseau_url, logo_id, osm_id) VALUES ('53', 'MAYENNE', 52, null, null, '7438');
INSERT INTO ak_departement (dep_id, dep_nom, dep_fk_reg_id, dep_reseau_url, logo_id, osm_id) VALUES ('54', 'MEURTHE-ET-MOSELLE', 44, null, null, '51856');
INSERT INTO ak_departement (dep_id, dep_nom, dep_fk_reg_id, dep_reseau_url, logo_id, osm_id) VALUES ('55', 'MEUSE', 44, null, null, '7382');
INSERT INTO ak_departement (dep_id, dep_nom, dep_fk_reg_id, dep_reseau_url, logo_id, osm_id) VALUES ('56', 'MORBIHAN', 53, null, null, '7447');
INSERT INTO ak_departement (dep_id, dep_nom, dep_fk_reg_id, dep_reseau_url, logo_id, osm_id) VALUES ('57', 'MOSELLE', 44, null, null, '51854');
INSERT INTO ak_departement (dep_id, dep_nom, dep_fk_reg_id, dep_reseau_url, logo_id, osm_id) VALUES ('58', 'NIÈVRE', 27, null, null, '7448');
INSERT INTO ak_departement (dep_id, dep_nom, dep_fk_reg_id, dep_reseau_url, logo_id, osm_id) VALUES ('59', 'NORD', 32, null, null, '7400');
INSERT INTO ak_departement (dep_id, dep_nom, dep_fk_reg_id, dep_reseau_url, logo_id, osm_id) VALUES ('60', 'OISE', 32, null, null, '7427');
INSERT INTO ak_departement (dep_id, dep_nom, dep_fk_reg_id, dep_reseau_url, logo_id, osm_id) VALUES ('61', 'ORNE', 28, null, null, '7419');
INSERT INTO ak_departement (dep_id, dep_nom, dep_fk_reg_id, dep_reseau_url, logo_id, osm_id) VALUES ('62', 'PAS-DE-CALAIS', 32, null, null, '7394');
INSERT INTO ak_departement (dep_id, dep_nom, dep_fk_reg_id, dep_reseau_url, logo_id, osm_id) VALUES ('63', 'PUY-DE-DÔME', 84, null, null, '7406');
INSERT INTO ak_departement (dep_id, dep_nom, dep_fk_reg_id, dep_reseau_url, logo_id, osm_id) VALUES ('64', 'PYRÉNÉES-ATLANTIQUES', 75, null, null, '7450');
INSERT INTO ak_departement (dep_id, dep_nom, dep_fk_reg_id, dep_reseau_url, logo_id, osm_id) VALUES ('65', 'HAUTES-PYRÉNÉES', 76, null, null, '7467');
INSERT INTO ak_departement (dep_id, dep_nom, dep_fk_reg_id, dep_reseau_url, logo_id, osm_id) VALUES ('66', 'PYRÉNÉES-ORIENTALES', 76, null, null, '7466');
INSERT INTO ak_departement (dep_id, dep_nom, dep_fk_reg_id, dep_reseau_url, logo_id, osm_id) VALUES ('67', 'BAS-RHIN', 44, null, null, '7415');
INSERT INTO ak_departement (dep_id, dep_nom, dep_fk_reg_id, dep_reseau_url, logo_id, osm_id) VALUES ('68', 'HAUT-RHIN', 44, null, null, '7403');
INSERT INTO ak_departement (dep_id, dep_nom, dep_fk_reg_id, dep_reseau_url, logo_id, osm_id) VALUES ('69', 'RHÔNE', 84, null, null, '7378');
INSERT INTO ak_departement (dep_id, dep_nom, dep_fk_reg_id, dep_reseau_url, logo_id, osm_id) VALUES ('69M', 'MÉTROPOLE DE LYON', 84, null, null, '4850450');
INSERT INTO ak_departement (dep_id, dep_nom, dep_fk_reg_id, dep_reseau_url, logo_id, osm_id) VALUES ('70', 'HAUTE-SAÔNE', 27, null, null, '7423');
INSERT INTO ak_departement (dep_id, dep_nom, dep_fk_reg_id, dep_reseau_url, logo_id, osm_id) VALUES ('71', 'SAÔNE-ET-LOIRE', 27, null, null, '7397');
INSERT INTO ak_departement (dep_id, dep_nom, dep_fk_reg_id, dep_reseau_url, logo_id, osm_id) VALUES ('72', 'SARTHE', 52, null, null, '7443');
INSERT INTO ak_departement (dep_id, dep_nom, dep_fk_reg_id, dep_reseau_url, logo_id, osm_id) VALUES ('73', 'SAVOIE', 84, null, null, '7425');
INSERT INTO ak_departement (dep_id, dep_nom, dep_fk_reg_id, dep_reseau_url, logo_id, osm_id) VALUES ('74', 'HAUTE-SAVOIE', 84, null, null, '7407');
INSERT INTO ak_departement (dep_id, dep_nom, dep_fk_reg_id, dep_reseau_url, logo_id, osm_id) VALUES ('75', 'PARIS', 11, null, null, '7444');
INSERT INTO ak_departement (dep_id, dep_nom, dep_fk_reg_id, dep_reseau_url, logo_id, osm_id) VALUES ('76', 'SEINE-MARITIME', 28, null, null, '7426');
INSERT INTO ak_departement (dep_id, dep_nom, dep_fk_reg_id, dep_reseau_url, logo_id, osm_id) VALUES ('77', 'SEINE-ET-MARNE', 11, null, null, '7383');
INSERT INTO ak_departement (dep_id, dep_nom, dep_fk_reg_id, dep_reseau_url, logo_id, osm_id) VALUES ('78', 'YVELINES', 11, null, null, '7457');
INSERT INTO ak_departement (dep_id, dep_nom, dep_fk_reg_id, dep_reseau_url, logo_id, osm_id) VALUES ('79', 'DEUX-SÈVRES', 75, null, null, '7455');
INSERT INTO ak_departement (dep_id, dep_nom, dep_fk_reg_id, dep_reseau_url, logo_id, osm_id) VALUES ('80', 'SOMME', 32, null, null, '7463');
INSERT INTO ak_departement (dep_id, dep_nom, dep_fk_reg_id, dep_reseau_url, logo_id, osm_id) VALUES ('81', 'TARN', 76,null, null, '7442');
INSERT INTO ak_departement (dep_id, dep_nom, dep_fk_reg_id, dep_reseau_url, logo_id, osm_id) VALUES ('82', 'TARN-ET-GARONNE', 76, null, null, '7388');
INSERT INTO ak_departement (dep_id, dep_nom, dep_fk_reg_id, dep_reseau_url, logo_id, osm_id) VALUES ('83', 'VAR', 93, null, null, '7390');
INSERT INTO ak_departement (dep_id, dep_nom, dep_fk_reg_id, dep_reseau_url, logo_id, osm_id) VALUES ('84', 'VAUCLUSE', 93, null, null, '7445');
INSERT INTO ak_departement (dep_id, dep_nom, dep_fk_reg_id, dep_reseau_url, logo_id, osm_id) VALUES ('85', 'VENDÉE', 52, null, null, '7402');
INSERT INTO ak_departement (dep_id, dep_nom, dep_fk_reg_id, dep_reseau_url, logo_id, osm_id) VALUES ('86', 'VIENNE', 75, null, null, '7377');
INSERT INTO ak_departement (dep_id, dep_nom, dep_fk_reg_id, dep_reseau_url, logo_id, osm_id) VALUES ('87', 'HAUTE-VIENNE', 75, null, null, '7418');
INSERT INTO ak_departement (dep_id, dep_nom, dep_fk_reg_id, dep_reseau_url, logo_id, osm_id) VALUES ('88', 'VOSGES', 44, null, null, '7384');
INSERT INTO ak_departement (dep_id, dep_nom, dep_fk_reg_id, dep_reseau_url, logo_id, osm_id) VALUES ('89', 'YONNE', 27, null, null, '7392');
INSERT INTO ak_departement (dep_id, dep_nom, dep_fk_reg_id, dep_reseau_url, logo_id, osm_id) VALUES ('90', 'TERRITOIRE-DE-BELFORT', 27, null, null, '7410');
INSERT INTO ak_departement (dep_id, dep_nom, dep_fk_reg_id, dep_reseau_url, logo_id, osm_id) VALUES ('91', 'ESSONNE', 11, null, null, '7401');
INSERT INTO ak_departement (dep_id, dep_nom, dep_fk_reg_id, dep_reseau_url, logo_id, osm_id) VALUES ('92', 'HAUTS-DE-SEINE', 11, null, null, '7449');
INSERT INTO ak_departement (dep_id, dep_nom, dep_fk_reg_id, dep_reseau_url, logo_id, osm_id) VALUES ('93', 'SEINE-SAINT-DENIS', 11, null, null, '7389');
INSERT INTO ak_departement (dep_id, dep_nom, dep_fk_reg_id, dep_reseau_url, logo_id, osm_id) VALUES ('94', 'VAL-DE-MARNE', 11, null, null, '7458');
INSERT INTO ak_departement (dep_id, dep_nom, dep_fk_reg_id, dep_reseau_url, logo_id, osm_id) VALUES ('95', 'VAL-D''OISE', 11, null, null, '7433');
INSERT INTO ak_departement (dep_id, dep_nom, dep_fk_reg_id, dep_reseau_url, logo_id, osm_id) VALUES ('971', 'GUADELOUPE', 1, null, null, '1047206');
INSERT INTO ak_departement (dep_id, dep_nom, dep_fk_reg_id, dep_reseau_url, logo_id, osm_id) VALUES ('972', 'MARTINIQUE', 2, null, null, '2473088');
INSERT INTO ak_departement (dep_id, dep_nom, dep_fk_reg_id, dep_reseau_url, logo_id, osm_id) VALUES ('973', 'GUYANE', 3, null, null, '2502058');
INSERT INTO ak_departement (dep_id, dep_nom, dep_fk_reg_id, dep_reseau_url, logo_id, osm_id) VALUES ('974', 'LA RÉUNION', 4, null, null, '77601');
/*!40000 ALTER TABLE `ak_departement` ENABLE KEYS */;

/*!40000 ALTER TABLE `ak_ville` DISABLE KEYS */;
INSERT INTO ak_ville (v_id, v_cp, v_nom, v_fk_dep_id) VALUES (1, 69001, 'Lyon 1er Arrondissement', '69');
INSERT INTO ak_ville (v_id, v_cp, v_nom, v_fk_dep_id) VALUES (2, 69005, 'Lyon 5e Arrondissement', '69');
INSERT INTO ak_ville (v_id, v_cp, v_nom, v_fk_dep_id) VALUES (3, 69007, 'Lyon 7e Arrondissement', '69');
INSERT INTO ak_ville (v_id, v_cp, v_nom, v_fk_dep_id) VALUES (4, 59000, 'Lille', '59');
INSERT INTO ak_ville (v_id, v_cp, v_nom, v_fk_dep_id) VALUES (5, 59160, 'Capinghem', '59');
INSERT INTO ak_ville (v_id, v_cp, v_nom, v_fk_dep_id) VALUES (6, 59260, 'Lezennes', '59');
INSERT INTO ak_ville (v_id, v_cp, v_nom, v_fk_dep_id) VALUES (7, 59100, 'Roubaix', '59');
INSERT INTO ak_ville (v_id, v_cp, v_nom, v_fk_dep_id) VALUES (8, 59200, 'Tourcoing', '59');
INSERT INTO ak_ville (v_id, v_cp, v_nom, v_fk_dep_id) VALUES (9, 01000, 'Bourg-en-Bresse', '01');
INSERT INTO ak_ville (v_id, v_cp, v_nom, v_fk_dep_id) VALUES (10, 26000, 'Valence', '26');
/*!40000 ALTER TABLE `ak_ville` ENABLE KEYS */;
